{
  "9": {
    "inputs": {
      "filename_prefix": "z-image-turbo_bf16/z-image-turbo_bf16",
      "images": [
        "43",
        0
      ]
    },
    "class_type": "SaveImage",
    "_meta": {
      "title": "Save Image"
    }
  },
  "39": {
    "inputs": {
      "clip_name": "qwen_3_4b.safetensors",
      "type": "lumina2",
      "device": "default"
    },
    "class_type": "CLIPLoader",
    "_meta": {
      "title": "Load CLIP"
    }
  },
  "40": {
    "inputs": {
      "vae_name": "ae.safetensors"
    },
    "class_type": "VAELoader",
    "_meta": {
      "title": "Load VAE"
    }
  },
  "41": {
    "inputs": {
      "width": 1024,
      "height": 1024,
      "batch_size": 1
    },
    "class_type": "EmptySD3LatentImage",
    "_meta": {
      "title": "EmptySD3LatentImage"
    }
  },
  "42": {
    "inputs": {
      "conditioning": [
        "45",
        0
      ]
    },
    "class_type": "ConditioningZeroOut",
    "_meta": {
      "title": "ConditioningZeroOut"
    }
  },
  "43": {
    "inputs": {
      "samples": [
        "44",
        0
      ],
      "vae": [
        "40",
        0
      ]
    },
    "class_type": "VAEDecode",
    "_meta": {
      "title": "VAE Decode"
    }
  },
  "44": {
    "inputs": {
      "seed": 533303727624653,
      "steps": 9,
      "cfg": 1,
      "sampler_name": "res_multistep",
      "scheduler": "simple",
      "denoise": 1,
      "model": [
        "47",
        0
      ],
      "positive": [
        "45",
        0
      ],
      "negative": [
        "42",
        0
      ],
      "latent_image": [
        "41",
        0
      ]
    },
    "class_type": "KSampler",
    "_meta": {
      "title": "KSampler"
    }
  },
  "45": {
    "inputs": {
      "text": "Latina female with thick wavy hair, harbor boats and pastel houses behind. Breezy seaside light, warm tones, cinematic close-up. ",
      "clip": [
        "39",
        0
      ]
    },
    "class_type": "CLIPTextEncode",
    "_meta": {
      "title": "CLIP Text Encode (Prompt)"
    }
  },
  "46": {
    "inputs": {
      "unet_name": "z_image_turbo_bf16.safetensors",
      "weight_dtype": "default"
    },
    "class_type": "UNETLoader",
    "_meta": {
      "title": "Load Diffusion Model"
    }
  },
  "47": {
    "inputs": {
      "shift": 3,
      "model": [
        "46",
        0
      ]
    },
    "class_type": "ModelSamplingAuraFlow",
    "_meta": {
      "title": "ModelSamplingAuraFlow"
    }
  }
}