{
  "8": {
    "inputs": {
      "samples": [
        "31",
        0
      ],
      "vae": [
        "39",
        0
      ]
    },
    "class_type": "VAEDecode",
    "_meta": {
      "title": "VAE Decode"
    }
  },
  "9": {
    "inputs": {
      "filename_prefix": "flux_krea-gguf-q8/flux_krea-gguf-q8",
      "images": [
        "8",
        0
      ]
    },
    "class_type": "SaveImage",
    "_meta": {
      "title": "Save Image"
    }
  },
  "27": {
    "inputs": {
      "width": 1024,
      "height": 1024,
      "batch_size": 1
    },
    "class_type": "EmptySD3LatentImage",
    "_meta": {
      "title": "EmptySD3LatentImage"
    }
  },
  "31": {
    "inputs": {
      "seed": 1049126868820526,
      "steps": 20,
      "cfg": 1,
      "sampler_name": "euler",
      "scheduler": "simple",
      "denoise": 1,
      "model": [
        "46",
        0
      ],
      "positive": [
        "45",
        0
      ],
      "negative": [
        "42",
        0
      ],
      "latent_image": [
        "27",
        0
      ]
    },
    "class_type": "KSampler",
    "_meta": {
      "title": "KSampler"
    }
  },
  "39": {
    "inputs": {
      "vae_name": "ae.safetensors"
    },
    "class_type": "VAELoader",
    "_meta": {
      "title": "Load VAE"
    }
  },
  "42": {
    "inputs": {
      "conditioning": [
        "45",
        0
      ]
    },
    "class_type": "ConditioningZeroOut",
    "_meta": {
      "title": "ConditioningZeroOut"
    }
  },
  "45": {
    "inputs": {
      "text": "Highly realistic portrait of a Nordic woman with blonde hair and blue eyes, very few freckles on her face, gaze sharp and intellectual. The lighting should reflect the unique coolness of Northern Europe. Outfit is minimalist and modern, background is blurred in cool tones. Needs to perfectly capture the characteristics of a Scandinavian woman. solo, Centered composition\n",
      "clip": [
        "47",
        0
      ]
    },
    "class_type": "CLIPTextEncode",
    "_meta": {
      "title": "CLIP Text Encode (Prompt)"
    }
  },
  "46": {
    "inputs": {
      "gguf_name": "flux1-krea-dev-Q8_0.gguf"
    },
    "class_type": "LoaderGGUF",
    "_meta": {
      "title": "GGUF Loader"
    }
  },
  "47": {
    "inputs": {
      "clip_name1": "clip_l.safetensors",
      "clip_name2": "t5-v1_1-xxl-encoder-Q8_0.gguf",
      "type": "flux",
      "device": "default"
    },
    "class_type": "DualClipLoaderGGUF",
    "_meta": {
      "title": "GGUF DualCLIP Loader"
    }
  }
}